Time,GT,PD,Unnamed: 3
2024-02-16 00:00:00,343.0375,343.0375,
2024-02-16 01:00:00,165.03967,165.03967,
2024-02-16 02:00:00,42.61751,42.61751,
2024-02-16 03:00:00,28.507315,28.507315,
2024-02-16 04:00:00,22.170462,22.170462,
2024-02-16 05:00:00,23.80834,23.80834,
2024-02-16 06:00:00,39.37444,39.37444,
2024-02-16 07:00:00,134.76758,134.76758,
2024-02-16 08:00:00,134.8257,134.8257,
2024-02-16 09:00:00,111.0507,111.0507,
2024-02-16 10:00:00,118.02334,118.02334,
2024-02-16 11:00:00,159.33568,159.33568,
2024-02-16 12:00:00,195.67531,195.67531,
2024-02-16 13:00:00,311.4238,311.4238,
2024-02-16 14:00:00,301.73627,301.73627,
2024-02-16 15:00:00,201.07716,201.07716,
2024-02-16 16:00:00,188.66689,188.66689,
2024-02-16 17:00:00,207.2752,207.2752,
2024-02-16 18:00:00,295.2519,295.2519,
2024-02-16 19:00:00,343.08478,343.08478,
2024-02-16 20:00:00,423.59418,423.59418,
2024-02-16 21:00:00,462.26773,462.26773,
2024-02-16 22:00:00,459.37497,459.37497,
2024-02-16 23:00:00,352.78497,352.78497,
2024-02-17 00:00:00,324.26505,324.26505,
2024-02-17 01:00:00,154.98056,154.98056,
2024-02-17 02:00:00,40.679707,40.679707,
2024-02-17 03:00:00,28.005331,28.005331,
2024-02-17 04:00:00,23.300863,23.300863,
2024-02-17 05:00:00,30.08132,30.08132,
2024-02-17 06:00:00,59.953403,59.953403,
2024-02-17 07:00:00,174.15364,174.15364,
2024-02-17 08:00:00,173.50145,173.50145,
2024-02-17 09:00:00,141.47421,141.47421,
2024-02-17 10:00:00,149.66032,149.66032,
2024-02-17 11:00:00,194.47575,194.47575,
2024-02-17 12:00:00,231.82518,231.82518,
2024-02-17 13:00:00,347.81036,347.81036,
2024-02-17 14:00:00,332.00458,332.00458,
2024-02-17 15:00:00,223.39003,223.39003,
2024-02-17 16:00:00,209.19313,209.19313,
2024-02-17 17:00:00,230.30362,230.30362,
2024-02-17 18:00:00,320.95508,320.95508,
2024-02-17 19:00:00,352.60425,352.60425,
2024-02-17 20:00:00,417.01923,417.01923,
2024-02-17 21:00:00,455.42877,455.42877,
2024-02-17 22:00:00,451.9966,451.9966,
2024-02-17 23:00:00,352.40796,352.40796,
2024-02-18 00:00:00,344.96735,344.96735,
2024-02-18 01:00:00,172.07043,172.07043,
2024-02-18 02:00:00,47.01891,47.01891,
2024-02-18 03:00:00,29.953085,29.953085,
2024-02-18 04:00:00,23.455923,23.455923,
2024-02-18 05:00:00,26.573263,26.573263,
2024-02-18 06:00:00,56.116352,56.116352,
2024-02-18 07:00:00,177.09566,177.09566,
2024-02-18 08:00:00,178.59859,178.59859,
2024-02-18 09:00:00,163.26042,163.26042,
2024-02-18 10:00:00,178.0523,178.0523,
2024-02-18 11:00:00,209.55771,209.55771,
2024-02-18 12:00:00,227.53961,227.53961,
2024-02-18 13:00:00,341.20306,341.20306,
2024-02-18 14:00:00,327.5129,327.5129,
2024-02-18 15:00:00,224.71683,224.71683,
2024-02-18 16:00:00,208.96072,208.96072,
2024-02-18 17:00:00,226.76784,226.76784,
2024-02-18 18:00:00,321.48907,321.48907,
2024-02-18 19:00:00,353.4828,353.4828,
2024-02-18 20:00:00,416.71384,416.71384,
2024-02-18 21:00:00,458.80148,458.80148,
2024-02-18 22:00:00,454.23877,454.23877,
2024-02-18 23:00:00,345.6947,345.6947,
2024-02-19 00:00:00,334.78156,334.78156,
2024-02-19 01:00:00,170.19197,170.19197,
2024-02-19 02:00:00,51.54009,51.54009,
2024-02-19 03:00:00,30.614492,30.614492,
2024-02-19 04:00:00,24.062063,24.062063,
2024-02-19 05:00:00,26.045889,26.045889,
2024-02-19 06:00:00,54.779133,54.779133,
2024-02-19 07:00:00,170.49979,170.49979,
2024-02-19 08:00:00,172.03247,172.03247,
2024-02-19 09:00:00,147.15717,147.15717,
2024-02-19 10:00:00,159.89844,159.89844,
2024-02-19 11:00:00,188.86206,188.86206,
2024-02-19 12:00:00,213.18448,213.18448,
2024-02-19 13:00:00,329.45166,329.45166,
2024-02-19 14:00:00,315.61053,315.61053,
2024-02-19 15:00:00,211.47469,211.47469,
2024-02-19 16:00:00,198.39691,198.39691,
2024-02-19 17:00:00,224.35565,224.35565,
2024-02-19 18:00:00,321.1196,321.1196,
2024-02-19 19:00:00,351.96045,351.96045,
2024-02-19 20:00:00,396.20575,396.20575,
2024-02-19 21:00:00,431.16772,431.16772,
2024-02-19 22:00:00,429.25964,429.25964,
2024-02-19 23:00:00,334.60782,334.60782,
2024-02-20 00:00:00,321.8269,348.1229,
2024-02-20 01:00:00,163.98358,159.30202,
2024-02-20 02:00:00,50.59676,29.01885,
2024-02-20 03:00:00,30.150625,2.6407676,
2024-02-20 04:00:00,23.283407,33.79009,
2024-02-20 05:00:00,25.194265,26.759268,
2024-02-20 06:00:00,50.38384,53.80425,
2024-02-20 07:00:00,162.98233,159.03944,
2024-02-20 08:00:00,164.7631,151.23366,
2024-02-20 09:00:00,141.58113,168.71645,
2024-02-20 10:00:00,152.85725,194.61131,
2024-02-20 11:00:00,172.66606,250.88779,
2024-02-20 12:00:00,205.54768,239.82402,
2024-02-20 13:00:00,317.19635,332.74585,
2024-02-20 14:00:00,306.4762,362.7504,
2024-02-20 15:00:00,216.42896,271.86124,
2024-02-20 16:00:00,209.95605,240.33391,
2024-02-20 17:00:00,259.735,300.1373,
2024-02-20 18:00:00,375.77902,385.52695,
2024-02-20 19:00:00,394.39926,426.70834,
2024-02-20 20:00:00,431.50842,484.90424,
2024-02-20 21:00:00,473.76923,498.48956,
2024-02-20 22:00:00,485.35995,504.98877,
2024-02-20 23:00:00,390.76422,420.11624,
2024-02-21 00:00:00,414.9779,391.23914,
2024-02-21 01:00:00,227.91888,137.6044,
2024-02-21 02:00:00,72.60018,20.089682,
2024-02-21 03:00:00,39.787586,19.502909,
2024-02-21 04:00:00,27.878103,11.189555,
2024-02-21 05:00:00,25.792105,12.106242,
2024-02-21 06:00:00,52.19698,23.476461,
2024-02-21 07:00:00,208.95041,160.62033,
2024-02-21 08:00:00,293.4309,183.58925,
2024-02-21 09:00:00,308.4278,194.55937,
2024-02-21 10:00:00,337.0919,229.89134,
2024-02-21 11:00:00,364.93588,280.38086,
2024-02-21 12:00:00,364.47812,274.00003,
2024-02-21 13:00:00,362.7772,349.37204,
2024-02-21 14:00:00,356.71115,383.68512,
2024-02-21 15:00:00,311.11087,319.66962,
2024-02-21 16:00:00,304.92688,289.85193,
2024-02-21 17:00:00,319.46692,331.93604,
2024-02-21 18:00:00,362.1764,414.1116,
2024-02-21 19:00:00,426.61798,436.18283,
2024-02-21 20:00:00,431.79535,519.747,
2024-02-21 21:00:00,472.32947,536.438,
2024-02-21 22:00:00,442.48953,519.05554,
2024-02-21 23:00:00,371.5366,439.97864,
2024-02-22 00:00:00,425.0393,404.6964,
2024-02-22 01:00:00,222.98659,148.53603,
2024-02-22 02:00:00,76.2848,28.184439,
2024-02-22 03:00:00,43.023975,17.748148,
2024-02-22 04:00:00,29.309164,11.759013,
2024-02-22 05:00:00,26.846395,6.5289207,
2024-02-22 06:00:00,50.880756,25.482534,
2024-02-22 07:00:00,187.09256,163.77483,
2024-02-22 08:00:00,278.32172,191.32928,
2024-02-22 09:00:00,312.23843,200.1186,
2024-02-22 10:00:00,329.38385,247.90602,
2024-02-22 11:00:00,369.4718,291.8326,
2024-02-22 12:00:00,368.32565,282.0774,
2024-02-22 13:00:00,340.62936,347.62418,
2024-02-22 14:00:00,328.1127,427.3104,
2024-02-22 15:00:00,309.09818,346.3812,
2024-02-22 16:00:00,309.2703,322.52042,
2024-02-22 17:00:00,324.37448,354.11554,
2024-02-22 18:00:00,378.3071,415.65512,
2024-02-22 19:00:00,421.09216,433.78525,
2024-02-22 20:00:00,419.90552,495.5157,
2024-02-22 21:00:00,438.1773,511.4604,
2024-02-22 22:00:00,423.02408,477.1662,
2024-02-22 23:00:00,341.71732,410.26837,
2024-02-23 00:00:00,334.93338,379.77698,
2024-02-23 01:00:00,176.64008,102.54223,
2024-02-23 02:00:00,69.31803,5.8774924,
2024-02-23 03:00:00,45.90511,27.320963,
2024-02-23 04:00:00,34.34386,29.637552,
2024-02-23 05:00:00,41.203938,46.392742,
2024-02-23 06:00:00,76.13615,45.187298,
2024-02-23 07:00:00,183.65929,87.64085,
2024-02-23 08:00:00,182.7959,101.7871,
2024-02-23 09:00:00,155.68097,118.136284,
2024-02-23 10:00:00,162.43289,166.0549,
2024-02-23 11:00:00,193.62045,215.395,
2024-02-23 12:00:00,219.72966,194.42154,
2024-02-23 13:00:00,324.2171,304.32178,
2024-02-23 14:00:00,311.7147,343.8563,
2024-02-23 15:00:00,217.43747,262.43475,
2024-02-23 16:00:00,223.2855,220.90535,
2024-02-23 17:00:00,251.38075,234.4401,
2024-02-23 18:00:00,342.0159,306.44275,
2024-02-23 19:00:00,372.7276,313.15054,
2024-02-23 20:00:00,398.61124,415.14038,
2024-02-23 21:00:00,435.38837,470.64847,
2024-02-23 22:00:00,432.16135,460.84756,
2024-02-23 23:00:00,354.0949,355.778,
2024-02-24 00:00:00,208.96072,208.96072,
2024-02-24 01:00:00,226.76784,226.76784,
2024-02-24 02:00:00,321.48907,321.48907,
2024-02-24 03:00:00,353.4828,353.4828,
2024-02-24 04:00:00,416.71384,416.71384,
2024-02-24 05:00:00,458.80148,458.80148,
2024-02-24 06:00:00,454.23877,454.23877,
2024-02-24 07:00:00,345.6947,345.6947,
2024-02-24 08:00:00,334.78156,334.78156,
2024-02-24 09:00:00,170.19197,170.19197,
2024-02-24 10:00:00,51.54009,51.54009,
2024-02-24 11:00:00,30.614492,30.614492,
2024-02-24 12:00:00,24.062063,24.062063,
2024-02-24 13:00:00,26.045889,26.045889,
2024-02-24 14:00:00,54.779133,54.779133,
2024-02-24 15:00:00,170.49979,170.49979,
2024-02-24 16:00:00,172.03247,172.03247,
2024-02-24 17:00:00,147.15717,147.15717,
2024-02-24 18:00:00,159.89844,159.89844,
2024-02-24 19:00:00,188.86206,188.86206,
2024-02-24 20:00:00,213.18448,213.18448,
2024-02-24 21:00:00,329.45166,329.45166,
2024-02-24 22:00:00,315.61053,315.61053,
2024-02-24 23:00:00,211.47469,211.47469,
2024-02-25 00:00:00,198.39691,198.39691,
2024-02-25 01:00:00,224.35565,224.35565,
2024-02-25 02:00:00,321.1196,321.1196,
2024-02-25 03:00:00,351.96045,351.96045,
2024-02-25 04:00:00,396.20575,396.20575,
2024-02-25 05:00:00,431.16772,431.16772,
2024-02-25 06:00:00,429.25964,429.25964,
2024-02-25 07:00:00,334.60782,334.60782,
2024-02-25 08:00:00,321.8269,321.8269,
2024-02-25 09:00:00,163.98358,163.98358,
2024-02-25 10:00:00,50.59676,50.59676,
2024-02-25 11:00:00,30.150625,30.150625,
2024-02-25 12:00:00,23.283407,23.283407,
2024-02-25 13:00:00,25.194265,25.194265,
2024-02-25 14:00:00,50.38384,50.38384,
2024-02-25 15:00:00,162.98233,162.98233,
2024-02-25 16:00:00,164.7631,164.7631,
2024-02-25 17:00:00,141.58113,141.58113,
2024-02-25 18:00:00,152.85725,152.85725,
2024-02-25 19:00:00,172.66606,172.66606,
2024-02-25 20:00:00,205.54768,205.54768,
2024-02-25 21:00:00,317.19635,317.19635,
2024-02-25 22:00:00,306.4762,306.4762,
2024-02-25 23:00:00,216.42896,216.42896,
2024-02-26 00:00:00,209.95605,209.95605,
2024-02-26 01:00:00,259.735,259.735,
2024-02-26 02:00:00,375.77902,375.77902,
2024-02-26 03:00:00,394.39926,394.39926,
2024-02-26 04:00:00,431.50842,431.50842,
2024-02-26 05:00:00,473.76923,473.76923,
2024-02-26 06:00:00,485.35995,485.35995,
2024-02-26 07:00:00,390.76422,390.76422,
2024-02-26 08:00:00,414.9779,414.9779,
2024-02-26 09:00:00,227.91888,227.91888,
2024-02-26 10:00:00,72.60018,72.60018,
2024-02-26 11:00:00,39.787586,39.787586,
2024-02-26 12:00:00,27.878103,27.878103,
2024-02-26 13:00:00,25.792105,25.792105,
2024-02-26 14:00:00,52.19698,52.19698,
2024-02-26 15:00:00,208.95041,208.95041,
2024-02-26 16:00:00,293.4309,293.4309,
2024-02-26 17:00:00,308.4278,308.4278,
2024-02-26 18:00:00,337.0919,337.0919,
2024-02-26 19:00:00,364.93588,364.93588,
2024-02-26 20:00:00,364.47812,364.47812,
2024-02-26 21:00:00,362.7772,362.7772,
2024-02-26 22:00:00,356.71115,356.71115,
2024-02-26 23:00:00,311.11087,311.11087,
2024-02-27 00:00:00,304.92688,304.92688,
2024-02-27 01:00:00,319.46692,319.46692,
2024-02-27 02:00:00,362.1764,362.1764,
2024-02-27 03:00:00,426.61798,426.61798,
2024-02-27 04:00:00,431.79535,431.79535,
2024-02-27 05:00:00,472.32947,472.32947,
2024-02-27 06:00:00,442.48953,442.48953,
2024-02-27 07:00:00,371.5366,371.5366,
2024-02-27 08:00:00,425.0393,425.0393,
2024-02-27 09:00:00,222.98659,222.98659,
2024-02-27 10:00:00,76.2848,76.2848,
2024-02-27 11:00:00,43.023975,43.023975,
2024-02-27 12:00:00,29.309164,29.309164,
2024-02-27 13:00:00,26.846395,26.846395,
2024-02-27 14:00:00,50.880756,50.880756,
2024-02-27 15:00:00,187.09256,187.09256,
2024-02-27 16:00:00,278.32172,278.32172,
2024-02-27 17:00:00,312.23843,312.23843,
2024-02-27 18:00:00,329.38385,329.38385,
2024-02-27 19:00:00,369.4718,369.4718,
2024-02-27 20:00:00,368.32565,368.32565,
2024-02-27 21:00:00,340.62936,340.62936,
2024-02-27 22:00:00,328.1127,328.1127,
2024-02-27 23:00:00,309.09818,309.09818,
2024-02-28 00:00:00,309.2703,340.90298,
2024-02-28 01:00:00,324.37448,311.47403,
2024-02-28 02:00:00,378.3071,409.52008,
2024-02-28 03:00:00,421.09216,421.49213,
2024-02-28 04:00:00,419.90552,450.66238,
2024-02-28 05:00:00,438.1773,479.22604,
2024-02-28 06:00:00,423.02408,449.04544,
2024-02-28 07:00:00,341.71732,422.29874,
2024-02-28 08:00:00,334.93338,411.6241,
2024-02-28 09:00:00,176.64008,156.5904,
2024-02-28 10:00:00,69.31803,15.593944,
2024-02-28 11:00:00,45.90511,56.89958,
2024-02-28 12:00:00,34.34386,36.67735,
2024-02-28 13:00:00,41.203938,68.77314,
2024-02-28 14:00:00,76.13615,35.881084,
2024-02-28 15:00:00,183.65929,81.331505,
2024-02-28 16:00:00,182.7959,171.87427,
2024-02-28 17:00:00,155.68097,208.0795,
2024-02-28 18:00:00,162.43289,257.71,
2024-02-28 19:00:00,193.62045,300.7953,
2024-02-28 20:00:00,219.72966,327.81674,
2024-02-28 21:00:00,324.2171,313.37936,
2024-02-28 22:00:00,311.7147,265.9535,
2024-02-28 23:00:00,217.43747,261.35422,
2024-02-29 00:00:00,223.2855,248.26395,
2024-02-29 01:00:00,251.38075,268.81818,
2024-02-29 02:00:00,342.0159,354.08115,
2024-02-29 03:00:00,372.7276,368.8034,
2024-02-29 04:00:00,398.61124,415.97977,
2024-02-29 05:00:00,435.38837,473.60498,
2024-02-29 06:00:00,432.16135,456.81992,
2024-02-29 07:00:00,354.0949,373.40265,
2024-02-29 08:00:00,345.80536,365.69827,
2024-02-29 09:00:00,182.59943,110.58338,
2024-02-29 10:00:00,65.79827,28.68287,
2024-02-29 11:00:00,40.89208,87.67216,
2024-02-29 12:00:00,31.716513,71.43235,
2024-02-29 13:00:00,43.288013,72.262245,
2024-02-29 14:00:00,85.14048,72.89594,
2024-02-29 15:00:00,191.3118,86.51508,
2024-02-29 16:00:00,191.44167,193.73024,
2024-02-29 17:00:00,165.191,231.82657,
2024-02-29 18:00:00,171.45215,274.97083,
2024-02-29 19:00:00,209.16595,315.33105,
2024-02-29 20:00:00,244.69469,316.78076,
2024-02-29 21:00:00,351.17883,326.8327,
2024-02-29 22:00:00,337.58694,298.14514,
2024-02-29 23:00:00,244.7232,255.32234,
2024-03-01 00:00:00,234.46138,248.25632,
2024-03-01 01:00:00,254.82942,268.24402,
2024-03-01 02:00:00,366.96625,344.32962,
2024-03-01 03:00:00,398.66125,363.19363,
2024-03-01 04:00:00,440.8616,438.80197,
2024-03-01 05:00:00,474.48737,481.34442,
2024-03-01 06:00:00,468.3105,456.01617,
2024-03-01 07:00:00,380.6388,389.01617,
2024-03-01 08:00:00,373.71326,385.30426,
2024-03-01 09:00:00,195.57872,136.90173,
2024-03-01 10:00:00,71.177055,25.796122,
2024-03-01 11:00:00,45.282978,69.52625,
2024-03-01 12:00:00,34.88457,64.43952,
2024-03-01 13:00:00,44.717213,68.94892,
2024-03-01 14:00:00,86.29279,21.630991,
2024-03-01 15:00:00,201.97124,108.79842,
2024-03-01 16:00:00,202.53348,205.33885,
2024-03-01 17:00:00,172.24374,244.20007,
2024-03-01 18:00:00,186.81358,288.9632,
2024-03-01 19:00:00,214.37837,334.44852,
2024-03-01 20:00:00,255.04187,340.67758,
2024-03-01 21:00:00,372.242,316.28613,
2024-03-01 22:00:00,355.55273,291.66077,
2024-03-01 23:00:00,251.56944,271.74252,
2024-03-02 00:00:00,244.47437,274.47757,
2024-03-02 01:00:00,248.39807,293.68832,
2024-03-02 02:00:00,347.67172,367.3151,
2024-03-02 03:00:00,365.96866,414.8283,
2024-03-02 04:00:00,444.05276,458.74194,
2024-03-02 05:00:00,484.44055,495.44577,
2024-03-02 06:00:00,476.4027,475.26605,
2024-03-02 07:00:00,372.30676,407.58234,
2024-03-02 08:00:00,343.59335,396.4588,
2024-03-02 09:00:00,154.92007,141.30293,
2024-03-02 10:00:00,16.94036,10.901988,
2024-03-02 11:00:00,11.112935,48.830975,
2024-03-02 12:00:00,10.248403,23.262308,
2024-03-02 13:00:00,10.837117,58.69157,
2024-03-02 14:00:00,15.84731,27.307688,
2024-03-02 15:00:00,178.0143,126.47622,
2024-03-02 16:00:00,177.21321,236.77243,
2024-03-02 17:00:00,145.2553,277.67615,
2024-03-02 18:00:00,154.4022,315.89655,
2024-03-02 19:00:00,181.18637,371.144,
2024-03-02 20:00:00,210.43022,348.17548,
2024-03-02 21:00:00,376.45053,317.95752,
2024-03-02 22:00:00,364.141,291.36755,
2024-03-02 23:00:00,220.7404,323.66638,
2024-03-03 00:00:00,293.4309,293.4309,
2024-03-03 01:00:00,308.4278,308.4278,
2024-03-03 02:00:00,337.0919,337.0919,
2024-03-03 03:00:00,364.93588,364.93588,
2024-03-03 04:00:00,364.47812,364.47812,
2024-03-03 05:00:00,362.7772,362.7772,
2024-03-03 06:00:00,356.71115,356.71115,
2024-03-03 07:00:00,311.11087,311.11087,
2024-03-03 08:00:00,304.92688,304.92688,
2024-03-03 09:00:00,319.46692,319.46692,
2024-03-03 10:00:00,362.1764,362.1764,
2024-03-03 11:00:00,426.61798,426.61798,
2024-03-03 12:00:00,431.79535,431.79535,
2024-03-03 13:00:00,472.32947,472.32947,
2024-03-03 14:00:00,442.48953,442.48953,
2024-03-03 15:00:00,371.5366,371.5366,
2024-03-03 16:00:00,425.0393,425.0393,
2024-03-03 17:00:00,222.98659,222.98659,
2024-03-03 18:00:00,76.2848,76.2848,
2024-03-03 19:00:00,43.023975,43.023975,
2024-03-03 20:00:00,29.309164,29.309164,
2024-03-03 21:00:00,26.846395,26.846395,
2024-03-03 22:00:00,50.880756,50.880756,
2024-03-03 23:00:00,187.09256,187.09256,
2024-03-04 00:00:00,278.32172,278.32172,
2024-03-04 01:00:00,312.23843,312.23843,
2024-03-04 02:00:00,329.38385,329.38385,
2024-03-04 03:00:00,369.4718,369.4718,
2024-03-04 04:00:00,368.32565,368.32565,
2024-03-04 05:00:00,340.62936,340.62936,
2024-03-04 06:00:00,328.1127,328.1127,
2024-03-04 07:00:00,309.09818,309.09818,
2024-03-04 08:00:00,309.2703,309.2703,
2024-03-04 09:00:00,324.37448,324.37448,
2024-03-04 10:00:00,378.3071,378.3071,
2024-03-04 11:00:00,421.09216,421.09216,
2024-03-04 12:00:00,419.90552,419.90552,
2024-03-04 13:00:00,438.1773,438.1773,
2024-03-04 14:00:00,423.02408,423.02408,
2024-03-04 15:00:00,341.71732,341.71732,
2024-03-04 16:00:00,334.93338,334.93338,
2024-03-04 17:00:00,176.64008,176.64008,
2024-03-04 18:00:00,69.31803,69.31803,
2024-03-04 19:00:00,45.90511,45.90511,
2024-03-04 20:00:00,34.34386,34.34386,
2024-03-04 21:00:00,41.203938,41.203938,
2024-03-04 22:00:00,76.13615,76.13615,
2024-03-04 23:00:00,183.65929,183.65929,
2024-03-05 00:00:00,182.7959,182.7959,
2024-03-05 01:00:00,155.68097,155.68097,
2024-03-05 02:00:00,162.43289,162.43289,
2024-03-05 03:00:00,193.62045,193.62045,
2024-03-05 04:00:00,219.72966,219.72966,
2024-03-05 05:00:00,324.2171,324.2171,
2024-03-05 06:00:00,311.7147,311.7147,
2024-03-05 07:00:00,217.43747,217.43747,
2024-03-05 08:00:00,223.2855,223.2855,
2024-03-05 09:00:00,251.38075,251.38075,
2024-03-05 10:00:00,342.0159,342.0159,
2024-03-05 11:00:00,372.7276,372.7276,
2024-03-05 12:00:00,398.61124,398.61124,
2024-03-05 13:00:00,435.38837,435.38837,
2024-03-05 14:00:00,432.16135,432.16135,
2024-03-05 15:00:00,354.0949,354.0949,
2024-03-05 16:00:00,345.80536,345.80536,
2024-03-05 17:00:00,182.59943,182.59943,
2024-03-05 18:00:00,65.79827,65.79827,
2024-03-05 19:00:00,40.89208,40.89208,
2024-03-05 20:00:00,31.716513,31.716513,
2024-03-05 21:00:00,43.288013,43.288013,
2024-03-05 22:00:00,85.14048,85.14048,
2024-03-05 23:00:00,191.3118,191.3118,
2024-03-06 00:00:00,191.44167,191.44167,
2024-03-06 01:00:00,165.191,165.191,
2024-03-06 02:00:00,171.45215,171.45215,
2024-03-06 03:00:00,209.16595,209.16595,
2024-03-06 04:00:00,244.69469,244.69469,
2024-03-06 05:00:00,351.17883,351.17883,
2024-03-06 06:00:00,337.58694,337.58694,
2024-03-06 07:00:00,244.7232,244.7232,
2024-03-06 08:00:00,234.46138,234.46138,
2024-03-06 09:00:00,254.82942,254.82942,
2024-03-06 10:00:00,366.96625,366.96625,
2024-03-06 11:00:00,398.66125,398.66125,
2024-03-06 12:00:00,440.8616,440.8616,
2024-03-06 13:00:00,474.48737,474.48737,
2024-03-06 14:00:00,468.3105,468.3105,
2024-03-06 15:00:00,380.6388,380.6388,
2024-03-06 16:00:00,373.71326,373.71326,
2024-03-06 17:00:00,195.57872,195.57872,
2024-03-06 18:00:00,71.177055,71.177055,
2024-03-06 19:00:00,45.282978,45.282978,
2024-03-06 20:00:00,34.88457,34.88457,
2024-03-06 21:00:00,44.717213,44.717213,
2024-03-06 22:00:00,86.29279,86.29279,
2024-03-06 23:00:00,201.97124,201.97124,
2024-03-07 00:00:00,202.53348,202.90013,
2024-03-07 01:00:00,172.24374,190.3915,
2024-03-07 02:00:00,186.81358,237.9389,
2024-03-07 03:00:00,214.37837,274.9183,
2024-03-07 04:00:00,255.04187,299.12238,
2024-03-07 05:00:00,372.242,337.88574,
2024-03-07 06:00:00,355.55273,343.3281,
2024-03-07 07:00:00,251.56944,311.61636,
2024-03-07 08:00:00,244.47437,275.95538,
2024-03-07 09:00:00,248.39807,315.15744,
2024-03-07 10:00:00,347.67172,408.62112,
2024-03-07 11:00:00,365.96866,447.1522,
2024-03-07 12:00:00,444.05276,488.8149,
2024-03-07 13:00:00,484.44055,522.166,
2024-03-07 14:00:00,476.4027,501.6238,
2024-03-07 15:00:00,372.30676,427.4265,
2024-03-07 16:00:00,343.59335,394.9393,
2024-03-07 17:00:00,154.92007,158.97075,
2024-03-07 18:00:00,16.94036,6.9424644,
2024-03-07 19:00:00,11.112935,18.227274,
2024-03-07 20:00:00,10.248403,28.68635,
2024-03-07 21:00:00,10.837117,19.971415,
2024-03-07 22:00:00,15.84731,29.164022,
2024-03-07 23:00:00,178.0143,164.94205,
2024-03-08 00:00:00,177.21321,208.07552,
2024-03-08 01:00:00,145.2553,204.6028,
2024-03-08 02:00:00,154.4022,231.28741,
2024-03-08 03:00:00,181.18637,282.9861,
2024-03-08 04:00:00,210.43022,280.87198,
2024-03-08 05:00:00,376.45053,361.3628,
2024-03-08 06:00:00,364.141,391.72095,
2024-03-08 07:00:00,220.7404,341.9618,
2024-03-08 08:00:00,212.23738,306.19223,
2024-03-08 09:00:00,235.77263,339.22333,
2024-03-08 10:00:00,327.1258,406.95355,
2024-03-08 11:00:00,363.92184,446.05612,
2024-03-08 12:00:00,427.9641,513.27954,
2024-03-08 13:00:00,466.83118,538.0152,
2024-03-08 14:00:00,461.4053,530.8772,
2024-03-08 15:00:00,356.722,455.4814,
2024-03-08 16:00:00,327.0352,431.55255,
2024-03-08 17:00:00,150.88492,155.8211,
2024-03-08 18:00:00,17.250021,50.281116,
2024-03-08 19:00:00,11.78362,7.686503,
2024-03-08 20:00:00,9.88149,23.589102,
2024-03-08 21:00:00,10.240102,5.8006186,
2024-03-08 22:00:00,14.699483,51.495716,
2024-03-08 23:00:00,169.70088,178.00854,
2024-03-09 00:00:00,169.74052,210.82692,
2024-03-09 01:00:00,140.70024,213.75801,
2024-03-09 02:00:00,143.40039,256.0835,
2024-03-09 03:00:00,168.86406,292.03806,
2024-03-09 04:00:00,196.08456,301.40176,
2024-03-09 05:00:00,348.74597,385.19897,
2024-03-09 06:00:00,338.32797,410.5618,
2024-03-09 07:00:00,215.33908,338.23648,
2024-03-09 08:00:00,219.0144,329.6338,
2024-03-09 09:00:00,267.44357,361.25043,
2024-03-09 10:00:00,395.7024,430.3656,
2024-03-09 11:00:00,416.94464,464.01334,
2024-03-09 12:00:00,486.27322,521.9284,
2024-03-09 13:00:00,530.47253,560.484,
2024-03-09 14:00:00,515.7,541.1698,
2024-03-09 15:00:00,454.6596,474.2858,
2024-03-09 16:00:00,457.70273,433.61136,
2024-03-09 17:00:00,210.54381,195.1407,
2024-03-09 18:00:00,23.767385,76.82006,
2024-03-09 19:00:00,13.72173,33.253376,
2024-03-09 20:00:00,11.735982,25.093557,
2024-03-09 21:00:00,11.030629,39.741108,
2024-03-09 22:00:00,14.082173,65.86935,
2024-03-09 23:00:00,237.22026,199.46107,
2024-03-10 00:00:00,309.52536,233.71762,
2024-03-10 01:00:00,318.92252,235.00595,
2024-03-10 02:00:00,346.1619,278.21304,
2024-03-10 03:00:00,434.63193,317.35446,
2024-03-10 04:00:00,432.1321,312.6375,
2024-03-10 05:00:00,423.55185,402.71204,
2024-03-10 06:00:00,415.16684,428.46616,
2024-03-10 07:00:00,331.55045,374.02945,
2024-03-10 08:00:00,326.55066,323.39062,
2024-03-10 09:00:00,344.3922,372.9162,
2024-03-10 10:00:00,406.10376,435.12967,
2024-03-10 11:00:00,451.26166,479.11597,
2024-03-10 12:00:00,511.11646,536.32745,
2024-03-10 13:00:00,543.61334,591.91437,
2024-03-10 14:00:00,532.3535,560.48895,
2024-03-10 15:00:00,439.32523,482.91504,
2024-03-10 16:00:00,457.97684,447.2749,
2024-03-10 17:00:00,209.3935,209.10294,
2024-03-10 18:00:00,24.401907,55.192127,
2024-03-10 19:00:00,14.383351,19.099997,
2024-03-10 20:00:00,11.783132,41.02129,
2024-03-10 21:00:00,11.001912,50.842335,
2024-03-10 22:00:00,14.215444,90.40882,
2024-03-10 23:00:00,213.56331,215.03986,
2024-03-11 00:00:00,345.80536,345.80536,
2024-03-11 01:00:00,182.59943,182.59943,
2024-03-11 02:00:00,65.79827,65.79827,
2024-03-11 03:00:00,40.89208,40.89208,
2024-03-11 04:00:00,31.716513,31.716513,
2024-03-11 05:00:00,43.288013,43.288013,
2024-03-11 06:00:00,85.14048,85.14048,
2024-03-11 07:00:00,191.3118,191.3118,
2024-03-11 08:00:00,191.44167,191.44167,
2024-03-11 09:00:00,165.191,165.191,
2024-03-11 10:00:00,171.45215,171.45215,
2024-03-11 11:00:00,209.16595,209.16595,
2024-03-11 12:00:00,244.69469,244.69469,
2024-03-11 13:00:00,351.17883,351.17883,
2024-03-11 14:00:00,337.58694,337.58694,
2024-03-11 15:00:00,244.7232,244.7232,
2024-03-11 16:00:00,234.46138,234.46138,
2024-03-11 17:00:00,254.82942,254.82942,
2024-03-11 18:00:00,366.96625,366.96625,
2024-03-11 19:00:00,398.66125,398.66125,
2024-03-11 20:00:00,440.8616,440.8616,
2024-03-11 21:00:00,474.48737,474.48737,
2024-03-11 22:00:00,468.3105,468.3105,
2024-03-11 23:00:00,380.6388,380.6388,
2024-03-12 00:00:00,373.71326,373.71326,
2024-03-12 01:00:00,195.57872,195.57872,
2024-03-12 02:00:00,71.177055,71.177055,
2024-03-12 03:00:00,45.282978,45.282978,
2024-03-12 04:00:00,34.88457,34.88457,
2024-03-12 05:00:00,44.717213,44.717213,
2024-03-12 06:00:00,86.29279,86.29279,
2024-03-12 07:00:00,201.97124,201.97124,
2024-03-12 08:00:00,202.53348,202.53348,
2024-03-12 09:00:00,172.24374,172.24374,
2024-03-12 10:00:00,186.81358,186.81358,
2024-03-12 11:00:00,214.37837,214.37837,
2024-03-12 12:00:00,255.04187,255.04187,
2024-03-12 13:00:00,372.242,372.242,
2024-03-12 14:00:00,355.55273,355.55273,
2024-03-12 15:00:00,251.56944,251.56944,
2024-03-12 16:00:00,244.47437,244.47437,
2024-03-12 17:00:00,248.39807,248.39807,
2024-03-12 18:00:00,347.67172,347.67172,
2024-03-12 19:00:00,365.96866,365.96866,
2024-03-12 20:00:00,444.05276,444.05276,
2024-03-12 21:00:00,484.44055,484.44055,
2024-03-12 22:00:00,476.4027,476.4027,
2024-03-12 23:00:00,372.30676,372.30676,
2024-03-13 00:00:00,343.59335,343.59335,
2024-03-13 01:00:00,154.92007,154.92007,
2024-03-13 02:00:00,16.94036,16.94036,
2024-03-13 03:00:00,11.112935,11.112935,
2024-03-13 04:00:00,10.248403,10.248403,
2024-03-13 05:00:00,10.837117,10.837117,
2024-03-13 06:00:00,15.84731,15.84731,
2024-03-13 07:00:00,178.0143,178.0143,
2024-03-13 08:00:00,177.21321,177.21321,
2024-03-13 09:00:00,145.2553,145.2553,
2024-03-13 10:00:00,154.4022,154.4022,
2024-03-13 11:00:00,181.18637,181.18637,
2024-03-13 12:00:00,210.43022,210.43022,
2024-03-13 13:00:00,376.45053,376.45053,
2024-03-13 14:00:00,364.141,364.141,
2024-03-13 15:00:00,220.7404,220.7404,
2024-03-13 16:00:00,212.23738,212.23738,
2024-03-13 17:00:00,235.77263,235.77263,
2024-03-13 18:00:00,327.1258,327.1258,
2024-03-13 19:00:00,363.92184,363.92184,
2024-03-13 20:00:00,427.9641,427.9641,
2024-03-13 21:00:00,466.83118,466.83118,
2024-03-13 22:00:00,461.4053,461.4053,
2024-03-13 23:00:00,356.722,356.722,
2024-03-14 00:00:00,327.0352,327.0352,
2024-03-14 01:00:00,150.88492,150.88492,
2024-03-14 02:00:00,17.250021,17.250021,
2024-03-14 03:00:00,11.78362,11.78362,
2024-03-14 04:00:00,9.88149,9.88149,
2024-03-14 05:00:00,10.240102,10.240102,
2024-03-14 06:00:00,14.699483,14.699483,
2024-03-14 07:00:00,169.70088,169.70088,
2024-03-14 08:00:00,169.74052,169.74052,
2024-03-14 09:00:00,140.70024,140.70024,
2024-03-14 10:00:00,143.40039,143.40039,
2024-03-14 11:00:00,168.86406,168.86406,
2024-03-14 12:00:00,196.08456,196.08456,
2024-03-14 13:00:00,348.74597,348.74597,
2024-03-14 14:00:00,338.32797,338.32797,
2024-03-14 15:00:00,215.33908,215.33908,
2024-03-14 16:00:00,219.0144,219.0144,
2024-03-14 17:00:00,267.44357,267.44357,
2024-03-14 18:00:00,395.7024,395.7024,
2024-03-14 19:00:00,416.94464,416.94464,
2024-03-14 20:00:00,486.27322,486.27322,
2024-03-14 21:00:00,530.47253,530.47253,
2024-03-14 22:00:00,515.7,515.7,
2024-03-14 23:00:00,454.6596,454.6596,
2024-03-15 00:00:00,457.70273,426.0854,
2024-03-15 01:00:00,210.54381,198.85422,
2024-03-15 02:00:00,23.767385,63.92873,
2024-03-15 03:00:00,13.72173,60.05599,
2024-03-15 04:00:00,11.735982,95.29757,
2024-03-15 05:00:00,11.030629,85.26542,
2024-03-15 06:00:00,14.082173,94.65255,
2024-03-15 07:00:00,237.22026,191.34953,
2024-03-15 08:00:00,309.52536,191.10495,
2024-03-15 09:00:00,318.92252,192.57156,
2024-03-15 10:00:00,346.1619,209.12688,
2024-03-15 11:00:00,434.63193,255.17012,
2024-03-15 12:00:00,432.1321,221.98343,
2024-03-15 13:00:00,423.55185,341.43857,
2024-03-15 14:00:00,415.16684,389.89996,
2024-03-15 15:00:00,331.55045,278.23602,
2024-03-15 16:00:00,326.55066,263.04016,
2024-03-15 17:00:00,344.3922,347.38873,
2024-03-15 18:00:00,406.10376,427.22614,
2024-03-15 19:00:00,451.26166,476.1759,
2024-03-15 20:00:00,511.11646,543.6247,
2024-03-15 21:00:00,543.61334,559.57806,
2024-03-15 22:00:00,532.3535,552.4783,
2024-03-15 23:00:00,439.32523,472.93494,
2024-03-16 00:00:00,457.97684,431.26,
2024-03-16 01:00:00,209.3935,180.24734,
2024-03-16 02:00:00,24.401907,51.22359,
2024-03-16 03:00:00,14.383351,13.143819,
2024-03-16 04:00:00,11.783132,21.040548,
2024-03-16 05:00:00,11.001912,23.198538,
2024-03-16 06:00:00,14.215444,50.735584,
2024-03-16 07:00:00,213.56331,198.12686,
2024-03-16 08:00:00,305.08087,227.56387,
2024-03-16 09:00:00,331.1641,220.32304,
2024-03-16 10:00:00,346.71158,250.3402,
2024-03-16 11:00:00,448.9875,294.4166,
2024-03-16 12:00:00,444.78918,278.75162,
2024-03-16 13:00:00,406.64313,348.21106,
2024-03-16 14:00:00,401.63617,416.28397,
2024-03-16 15:00:00,314.72598,342.61746,
2024-03-16 16:00:00,308.23984,324.007,
2024-03-16 17:00:00,322.68823,398.3627,
2024-03-16 18:00:00,382.7329,448.39832,
2024-03-16 19:00:00,436.96338,457.2609,
2024-03-16 20:00:00,451.8091,523.41644,
2024-03-16 21:00:00,478.15872,542.5707,
2024-03-16 22:00:00,468.043,504.9236,
2024-03-16 23:00:00,387.06955,439.17432,
2024-03-17 00:00:00,341.47766,403.5096,
2024-03-17 01:00:00,155.05948,126.63952,
2024-03-17 02:00:00,19.356558,17.147696,
2024-03-17 03:00:00,12.478627,1.577352,
2024-03-17 04:00:00,10.474385,11.081431,
2024-03-17 05:00:00,10.322835,9.281993,
2024-03-17 06:00:00,14.065419,9.462749,
2024-03-17 07:00:00,166.4912,104.70838,
2024-03-17 08:00:00,166.34541,134.15437,
2024-03-17 09:00:00,144.74997,123.60584,
2024-03-17 10:00:00,148.31657,176.60379,
2024-03-17 11:00:00,175.99985,219.47142,
2024-03-17 12:00:00,200.52444,207.79364,
2024-03-17 13:00:00,355.93372,294.872,
2024-03-17 14:00:00,341.3464,374.46478,
2024-03-17 15:00:00,215.97055,271.69946,
2024-03-17 16:00:00,206.02744,259.6349,
2024-03-17 17:00:00,227.58702,295.62943,
2024-03-17 18:00:00,338.82138,368.36826,
2024-03-17 19:00:00,360.09552,377.18768,
2024-03-17 20:00:00,421.4826,481.6246,
2024-03-17 21:00:00,456.9249,512.1331,
2024-03-17 22:00:00,454.13785,476.68912,
2024-03-17 23:00:00,349.85318,393.12354,
2024-03-18 00:00:00,332.86505,360.4374,
2024-03-18 01:00:00,149.06252,105.07232,
2024-03-18 02:00:00,17.56005,27.961222,
2024-03-18 03:00:00,11.138478,60.238354,
2024-03-18 04:00:00,9.696126,55.366924,
2024-03-18 05:00:00,9.642385,69.68995,
2024-03-18 06:00:00,14.679158,52.783245,
2024-03-18 07:00:00,171.94247,111.64121,
2024-03-18 08:00:00,173.03456,150.83173,
2024-03-18 09:00:00,151.64503,148.87875,
2024-03-18 10:00:00,159.31837,192.7956,
2024-03-18 11:00:00,185.11214,229.652,
2024-03-18 12:00:00,212.95518,201.04713,
2024-03-18 13:00:00,348.62964,324.63614,
2024-03-18 14:00:00,330.81653,398.54398,
2024-03-18 15:00:00,215.64877,289.68967,
2024-03-18 16:00:00,205.67007,266.14407,
2024-03-18 17:00:00,222.7108,290.31528,
2024-03-18 18:00:00,327.04425,366.98508,
2024-03-18 19:00:00,348.30103,365.17487,
2024-03-18 20:00:00,392.49667,481.97443,
2024-03-18 21:00:00,422.41797,541.6362,
2024-03-18 22:00:00,427.81003,518.453,
2024-03-18 23:00:00,322.4052,398.79413,
2024-03-19 00:00:00,212.23738,212.23738,
2024-03-19 01:00:00,235.77263,235.77263,
2024-03-19 02:00:00,327.1258,327.1258,
2024-03-19 03:00:00,363.92184,363.92184,
2024-03-19 04:00:00,427.9641,427.9641,
2024-03-19 05:00:00,466.83118,466.83118,
2024-03-19 06:00:00,461.4053,461.4053,
2024-03-19 07:00:00,356.722,356.722,
2024-03-19 08:00:00,327.0352,327.0352,
2024-03-19 09:00:00,150.88492,150.88492,
2024-03-19 10:00:00,17.250021,17.250021,
2024-03-19 11:00:00,11.78362,11.78362,
2024-03-19 12:00:00,9.88149,9.88149,
2024-03-19 13:00:00,10.240102,10.240102,
2024-03-19 14:00:00,14.699483,14.699483,
2024-03-19 15:00:00,169.70088,169.70088,
2024-03-19 16:00:00,169.74052,169.74052,
2024-03-19 17:00:00,140.70024,140.70024,
2024-03-19 18:00:00,143.40039,143.40039,
2024-03-19 19:00:00,168.86406,168.86406,
2024-03-19 20:00:00,196.08456,196.08456,
2024-03-19 21:00:00,348.74597,348.74597,
2024-03-19 22:00:00,338.32797,338.32797,
2024-03-19 23:00:00,215.33908,215.33908,
2024-03-20 00:00:00,219.0144,219.0144,
2024-03-20 01:00:00,267.44357,267.44357,
2024-03-20 02:00:00,395.7024,395.7024,
2024-03-20 03:00:00,416.94464,416.94464,
2024-03-20 04:00:00,486.27322,486.27322,
2024-03-20 05:00:00,530.47253,530.47253,
2024-03-20 06:00:00,515.7,515.7,
2024-03-20 07:00:00,454.6596,454.6596,
2024-03-20 08:00:00,457.70273,457.70273,
2024-03-20 09:00:00,210.54381,210.54381,
2024-03-20 10:00:00,23.767385,23.767385,
2024-03-20 11:00:00,13.72173,13.72173,
2024-03-20 12:00:00,11.735982,11.735982,
2024-03-20 13:00:00,11.030629,11.030629,
2024-03-20 14:00:00,14.082173,14.082173,
2024-03-20 15:00:00,237.22026,237.22026,
2024-03-20 16:00:00,309.52536,309.52536,
2024-03-20 17:00:00,318.92252,318.92252,
2024-03-20 18:00:00,346.1619,346.1619,
2024-03-20 19:00:00,434.63193,434.63193,
2024-03-20 20:00:00,432.1321,432.1321,
2024-03-20 21:00:00,423.55185,423.55185,
2024-03-20 22:00:00,415.16684,415.16684,
2024-03-20 23:00:00,331.55045,331.55045,
2024-03-21 00:00:00,326.55066,326.55066,
2024-03-21 01:00:00,344.3922,344.3922,
2024-03-21 02:00:00,406.10376,406.10376,
2024-03-21 03:00:00,451.26166,451.26166,
2024-03-21 04:00:00,511.11646,511.11646,
2024-03-21 05:00:00,543.61334,543.61334,
2024-03-21 06:00:00,532.3535,532.3535,
2024-03-21 07:00:00,439.32523,439.32523,
2024-03-21 08:00:00,457.97684,457.97684,
2024-03-21 09:00:00,209.3935,209.3935,
2024-03-21 10:00:00,24.401907,24.401907,
2024-03-21 11:00:00,14.383351,14.383351,
2024-03-21 12:00:00,11.783132,11.783132,
2024-03-21 13:00:00,11.001912,11.001912,
2024-03-21 14:00:00,14.215444,14.215444,
2024-03-21 15:00:00,213.56331,213.56331,
2024-03-21 16:00:00,305.08087,305.08087,
2024-03-21 17:00:00,331.1641,331.1641,
2024-03-21 18:00:00,346.71158,346.71158,
2024-03-21 19:00:00,448.9875,448.9875,
2024-03-21 20:00:00,444.78918,444.78918,
2024-03-21 21:00:00,406.64313,406.64313,
2024-03-21 22:00:00,401.63617,401.63617,
2024-03-21 23:00:00,314.72598,314.72598,
2024-03-22 00:00:00,308.23984,308.23984,
2024-03-22 01:00:00,322.68823,322.68823,
2024-03-22 02:00:00,382.7329,382.7329,
2024-03-22 03:00:00,436.96338,436.96338,
2024-03-22 04:00:00,451.8091,451.8091,
2024-03-22 05:00:00,478.15872,478.15872,
2024-03-22 06:00:00,468.043,468.043,
2024-03-22 07:00:00,387.06955,387.06955,
2024-03-22 08:00:00,341.47766,341.47766,
2024-03-22 09:00:00,155.05948,155.05948,
2024-03-22 10:00:00,19.356558,19.356558,
2024-03-22 11:00:00,12.478627,12.478627,
2024-03-22 12:00:00,10.474385,10.474385,
2024-03-22 13:00:00,10.322835,10.322835,
2024-03-22 14:00:00,14.065419,14.065419,
2024-03-22 15:00:00,166.4912,166.4912,
2024-03-22 16:00:00,166.34541,166.34541,
2024-03-22 17:00:00,144.74997,144.74997,
2024-03-22 18:00:00,148.31657,148.31657,
2024-03-22 19:00:00,175.99985,175.99985,
2024-03-22 20:00:00,200.52444,200.52444,
2024-03-22 21:00:00,355.93372,355.93372,
2024-03-22 22:00:00,341.3464,341.3464,
2024-03-22 23:00:00,215.97055,215.97055,
2024-03-23 00:00:00,206.02744,276.6432,
2024-03-23 01:00:00,227.58702,236.26363,
2024-03-23 02:00:00,338.82138,328.95163,
2024-03-23 03:00:00,360.09552,364.0361,
2024-03-23 04:00:00,421.4826,440.60858,
2024-03-23 05:00:00,456.9249,487.38297,
2024-03-23 06:00:00,454.13785,434.98074,
2024-03-23 07:00:00,349.85318,398.4547,
2024-03-23 08:00:00,332.86505,355.5875,
2024-03-23 09:00:00,149.06252,149.59367,
2024-03-23 10:00:00,17.56005,23.540659,
2024-03-23 11:00:00,11.138478,50.13313,
2024-03-23 12:00:00,9.696126,12.414409,
2024-03-23 13:00:00,9.642385,26.22114,
2024-03-23 14:00:00,14.679158,0.38266996,
2024-03-23 15:00:00,171.94247,132.62758,
2024-03-23 16:00:00,173.03456,185.37102,
2024-03-23 17:00:00,151.64503,169.20967,
2024-03-23 18:00:00,159.31837,202.02133,
2024-03-23 19:00:00,185.11214,248.56085,
2024-03-23 20:00:00,212.95518,274.76242,
2024-03-23 21:00:00,348.62964,336.65317,
2024-03-23 22:00:00,330.81653,376.1068,
2024-03-23 23:00:00,215.64877,337.4767,
2024-03-24 00:00:00,205.67007,335.32916,
2024-03-24 01:00:00,222.7108,349.7487,
2024-03-24 02:00:00,327.04425,380.16565,
2024-03-24 03:00:00,348.30103,369.7511,
2024-03-24 04:00:00,392.49667,438.19064,
2024-03-24 05:00:00,422.41797,477.7626,
2024-03-24 06:00:00,427.81003,453.3444,
2024-03-24 07:00:00,322.4052,383.56717,
2024-03-24 08:00:00,314.7922,369.95358,
2024-03-24 09:00:00,140.34058,119.11668,
2024-03-24 10:00:00,16.453299,14.483571,
2024-03-24 11:00:00,9.775014,23.637735,
2024-03-24 12:00:00,8.248616,0.59132904,
2024-03-24 13:00:00,8.295949,5.8079934,
2024-03-24 14:00:00,11.95464,0.7813211,
2024-03-24 15:00:00,162.20732,142.39592,
2024-03-24 16:00:00,161.65056,197.27805,
2024-03-24 17:00:00,140.8997,195.17676,
2024-03-24 18:00:00,144.3537,241.59363,
2024-03-24 19:00:00,167.9907,306.43863,
2024-03-24 20:00:00,190.25597,338.09875,
2024-03-24 21:00:00,320.3849,373.27945,
2024-03-24 22:00:00,308.87198,372.6552,
2024-03-24 23:00:00,205.77072,329.24536,
2024-03-25 00:00:00,194.47076,314.05508,
2024-03-25 01:00:00,214.27316,324.99435,
2024-03-25 02:00:00,326.75717,375.0415,
2024-03-25 03:00:00,340.68692,372.32666,
2024-03-25 04:00:00,401.02356,467.296,
2024-03-25 05:00:00,426.0082,494.29794,
2024-03-25 06:00:00,426.09805,474.60846,
2024-03-25 07:00:00,336.92398,415.0477,
2024-03-25 08:00:00,323.7422,389.54196,
2024-03-25 09:00:00,141.13867,132.64595,
2024-03-25 10:00:00,15.279378,33.168285,
2024-03-25 11:00:00,9.48232,64.62458,
2024-03-25 12:00:00,7.962606,34.449535,
2024-03-25 13:00:00,8.201467,29.775583,
2024-03-25 14:00:00,11.892568,7.6462607,
2024-03-25 15:00:00,159.03734,140.2677,
2024-03-25 16:00:00,159.6291,223.34007,
2024-03-25 17:00:00,140.7489,233.93602,
2024-03-25 18:00:00,147.71362,275.48584,
2024-03-25 19:00:00,173.63934,335.79263,
2024-03-25 20:00:00,196.25552,347.80664,
2024-03-25 21:00:00,328.3397,370.30106,
2024-03-25 22:00:00,315.2351,383.0928,
2024-03-25 23:00:00,212.11543,328.65775,
2024-03-26 00:00:00,206.42224,316.83212,
2024-03-26 01:00:00,226.25154,342.47385,
2024-03-26 02:00:00,338.83658,391.53854,
2024-03-26 03:00:00,355.68317,407.3927,
2024-03-26 04:00:00,417.44235,484.37183,
2024-03-26 05:00:00,441.03632,524.65656,
2024-03-26 06:00:00,436.92117,495.08783,
2024-03-26 07:00:00,337.3,441.3316,
2024-03-26 08:00:00,327.53604,396.76956,
2024-03-26 09:00:00,146.67265,135.08301,
2024-03-26 10:00:00,18.711843,28.149027,
2024-03-26 11:00:00,10.935323,55.199078,
2024-03-26 12:00:00,8.414601,20.719553,
2024-03-26 13:00:00,9.047231,38.736492,
2024-03-26 14:00:00,14.389485,17.68873,
2024-03-26 15:00:00,169.58594,158.61234,
2024-03-26 16:00:00,170.82108,236.76518,
2024-03-26 17:00:00,150.46494,264.1935,
2024-03-26 18:00:00,160.80472,325.11002,
2024-03-26 19:00:00,185.96938,424.69455,
2024-03-26 20:00:00,201.48044,429.20178,
2024-03-26 21:00:00,330.84512,426.932,
2024-03-26 22:00:00,319.42273,421.4569,
2024-03-26 23:00:00,219.29227,378.7778,
2024-03-27 00:00:00,305.08087,305.08087,
2024-03-27 01:00:00,331.1641,331.1641,
2024-03-27 02:00:00,346.71158,346.71158,
2024-03-27 03:00:00,448.9875,448.9875,
2024-03-27 04:00:00,444.78918,444.78918,
2024-03-27 05:00:00,406.64313,406.64313,
2024-03-27 06:00:00,401.63617,401.63617,
2024-03-27 07:00:00,314.72598,314.72598,
2024-03-27 08:00:00,308.23984,308.23984,
2024-03-27 09:00:00,322.68823,322.68823,
2024-03-27 10:00:00,382.7329,382.7329,
2024-03-27 11:00:00,436.96338,436.96338,
2024-03-27 12:00:00,451.8091,451.8091,
2024-03-27 13:00:00,478.15872,478.15872,
2024-03-27 14:00:00,468.043,468.043,
2024-03-27 15:00:00,387.06955,387.06955,
2024-03-27 16:00:00,341.47766,341.47766,
2024-03-27 17:00:00,155.05948,155.05948,
2024-03-27 18:00:00,19.356558,19.356558,
2024-03-27 19:00:00,12.478627,12.478627,
2024-03-27 20:00:00,10.474385,10.474385,
2024-03-27 21:00:00,10.322835,10.322835,
2024-03-27 22:00:00,14.065419,14.065419,
2024-03-27 23:00:00,166.4912,166.4912,
2024-03-28 00:00:00,166.34541,166.34541,
2024-03-28 01:00:00,144.74997,144.74997,
2024-03-28 02:00:00,148.31657,148.31657,
2024-03-28 03:00:00,175.99985,175.99985,
2024-03-28 04:00:00,200.52444,200.52444,
2024-03-28 05:00:00,355.93372,355.93372,
2024-03-28 06:00:00,341.3464,341.3464,
2024-03-28 07:00:00,215.97055,215.97055,
2024-03-28 08:00:00,206.02744,206.02744,
2024-03-28 09:00:00,227.58702,227.58702,
2024-03-28 10:00:00,338.82138,338.82138,
2024-03-28 11:00:00,360.09552,360.09552,
2024-03-28 12:00:00,421.4826,421.4826,
2024-03-28 13:00:00,456.9249,456.9249,
2024-03-28 14:00:00,454.13785,454.13785,
2024-03-28 15:00:00,349.85318,349.85318,
2024-03-28 16:00:00,332.86505,332.86505,
2024-03-28 17:00:00,149.06252,149.06252,
2024-03-28 18:00:00,17.56005,17.56005,
2024-03-28 19:00:00,11.138478,11.138478,
2024-03-28 20:00:00,9.696126,9.696126,
2024-03-28 21:00:00,9.642385,9.642385,
2024-03-28 22:00:00,14.679158,14.679158,
2024-03-28 23:00:00,171.94247,171.94247,
2024-03-29 00:00:00,173.03456,173.03456,
2024-03-29 01:00:00,151.64503,151.64503,
2024-03-29 02:00:00,159.31837,159.31837,
2024-03-29 03:00:00,185.11214,185.11214,
2024-03-29 04:00:00,212.95518,212.95518,
2024-03-29 05:00:00,348.62964,348.62964,
2024-03-29 06:00:00,330.81653,330.81653,
2024-03-29 07:00:00,215.64877,215.64877,
2024-03-29 08:00:00,205.67007,205.67007,
2024-03-29 09:00:00,222.7108,222.7108,
2024-03-29 10:00:00,327.04425,327.04425,
2024-03-29 11:00:00,348.30103,348.30103,
2024-03-29 12:00:00,392.49667,392.49667,
2024-03-29 13:00:00,422.41797,422.41797,
2024-03-29 14:00:00,427.81003,427.81003,
2024-03-29 15:00:00,322.4052,322.4052,
2024-03-29 16:00:00,314.7922,314.7922,
2024-03-29 17:00:00,140.34058,140.34058,
2024-03-29 18:00:00,16.453299,16.453299,
2024-03-29 19:00:00,9.775014,9.775014,
2024-03-29 20:00:00,8.248616,8.248616,
2024-03-29 21:00:00,8.295949,8.295949,
2024-03-29 22:00:00,11.95464,11.95464,
2024-03-29 23:00:00,162.20732,162.20732,
2024-03-30 00:00:00,161.65056,161.65056,
2024-03-30 01:00:00,140.8997,140.8997,
2024-03-30 02:00:00,144.3537,144.3537,
2024-03-30 03:00:00,167.9907,167.9907,
2024-03-30 04:00:00,190.25597,190.25597,
2024-03-30 05:00:00,320.3849,320.3849,
2024-03-30 06:00:00,308.87198,308.87198,
2024-03-30 07:00:00,205.77072,205.77072,
2024-03-30 08:00:00,194.47076,194.47076,
2024-03-30 09:00:00,214.27316,214.27316,
2024-03-30 10:00:00,326.75717,326.75717,
2024-03-30 11:00:00,340.68692,340.68692,
2024-03-30 12:00:00,401.02356,401.02356,
2024-03-30 13:00:00,426.0082,426.0082,
2024-03-30 14:00:00,426.09805,426.09805,
2024-03-30 15:00:00,336.92398,336.92398,
2024-03-30 16:00:00,323.7422,323.7422,
2024-03-30 17:00:00,141.13867,141.13867,
2024-03-30 18:00:00,15.279378,15.279378,
2024-03-30 19:00:00,9.48232,9.48232,
2024-03-30 20:00:00,7.962606,7.962606,
2024-03-30 21:00:00,8.201467,8.201467,
2024-03-30 22:00:00,11.892568,11.892568,
2024-03-30 23:00:00,159.03734,159.03734,
2024-03-31 00:00:00,159.6291,180.13167,
2024-03-31 01:00:00,140.7489,174.77425,
2024-03-31 02:00:00,147.71362,227.17686,
2024-03-31 03:00:00,173.63934,264.1202,
2024-03-31 04:00:00,196.25552,280.0116,
2024-03-31 05:00:00,328.3397,327.50787,
2024-03-31 06:00:00,315.2351,335.3427,
2024-03-31 07:00:00,212.11543,294.1878,
2024-03-31 08:00:00,206.42224,250.47618,
2024-03-31 09:00:00,226.25154,293.04938,
2024-03-31 10:00:00,338.83658,386.5897,
2024-03-31 11:00:00,355.68317,410.78238,
2024-03-31 12:00:00,417.44235,461.55142,
2024-03-31 13:00:00,441.03632,496.05505,
2024-03-31 14:00:00,436.92117,479.91577,
2024-03-31 15:00:00,337.3,399.43094,
2024-03-31 16:00:00,327.53604,367.31955,
2024-03-31 17:00:00,146.67265,131.44394,
2024-03-31 18:00:00,18.711843,22.494852,
2024-03-31 19:00:00,10.935323,36.769512,
2024-03-31 20:00:00,8.414601,34.197247,
2024-03-31 21:00:00,9.047231,34.945995,
2024-03-31 22:00:00,14.389485,11.655833,
2024-03-31 23:00:00,169.58594,140.25298,
2024-04-01 00:00:00,170.82108,184.74475,
2024-04-01 01:00:00,150.46494,175.37651,
2024-04-01 02:00:00,160.80472,216.15373,
2024-04-01 03:00:00,185.96938,269.14044,
2024-04-01 04:00:00,201.48044,255.21425,
2024-04-01 05:00:00,330.84512,335.16537,
2024-04-01 06:00:00,319.42273,385.22772,
2024-04-01 07:00:00,219.29227,316.29535,
2024-04-01 08:00:00,225.52655,288.85394,
2024-04-01 09:00:00,270.85376,321.96594,
2024-04-01 10:00:00,414.79077,388.01782,
2024-04-01 11:00:00,417.42203,410.8588,
2024-04-01 12:00:00,461.70734,488.307,
2024-04-01 13:00:00,476.07394,520.4228,
2024-04-01 14:00:00,438.63412,509.1742,
2024-04-01 15:00:00,430.57578,424.55594,
2024-04-01 16:00:00,445.32184,399.82114,
2024-04-01 17:00:00,202.61433,135.1386,
2024-04-01 18:00:00,24.293356,11.097249,
2024-04-01 19:00:00,14.512074,32.841015,
2024-04-01 20:00:00,11.30663,1.0543113,
2024-04-01 21:00:00,10.619557,11.817363,
2024-04-01 22:00:00,12.790639,17.803274,
2024-04-01 23:00:00,214.3036,148.3578,
2024-04-02 00:00:00,297.776,190.80121,
2024-04-02 01:00:00,312.21628,192.10576,
2024-04-02 02:00:00,347.69717,234.48985,
2024-04-02 03:00:00,413.9956,281.62894,
2024-04-02 04:00:00,408.6506,280.03967,
2024-04-02 05:00:00,392.2939,387.82254,
2024-04-02 06:00:00,386.12985,405.80078,
2024-04-02 07:00:00,322.7817,318.12756,
2024-04-02 08:00:00,324.41806,304.72592,
2024-04-02 09:00:00,342.84372,336.00528,
2024-04-02 10:00:00,400.9993,409.46738,
2024-04-02 11:00:00,427.8831,422.4632,
2024-04-02 12:00:00,454.57425,491.22507,
2024-04-02 13:00:00,452.5598,540.0639,
2024-04-02 14:00:00,438.8821,523.6807,
2024-04-02 15:00:00,384.50797,449.92188,
2024-04-02 16:00:00,435.59195,406.13406,
2024-04-02 17:00:00,204.4622,171.89195,
2024-04-02 18:00:00,23.482748,40.610126,
2024-04-02 19:00:00,14.614095,6.068502,
2024-04-02 20:00:00,10.505452,9.061727,
2024-04-02 21:00:00,9.470571,18.405752,
2024-04-02 22:00:00,10.823018,25.815725,
2024-04-02 23:00:00,198.92513,174.69186,
2024-04-03 00:00:00,307.70258,202.26892,
2024-04-03 01:00:00,364.0421,209.16544,
2024-04-03 02:00:00,392.41168,259.25693,
2024-04-03 03:00:00,460.74228,302.3206,
2024-04-03 04:00:00,407.7199,291.58328,
2024-04-03 05:00:00,396.74396,357.987,
2024-04-03 06:00:00,396.1652,422.73462,
2024-04-03 07:00:00,360.84628,342.6309,
2024-04-03 08:00:00,359.05093,313.21576,
2024-04-03 09:00:00,374.62396,349.88794,
2024-04-03 10:00:00,415.4585,407.55304,
2024-04-03 11:00:00,427.9333,431.3638,
2024-04-03 12:00:00,411.79257,476.95444,
2024-04-03 13:00:00,429.80273,503.88687,
2024-04-03 14:00:00,407.5055,481.71152,
2024-04-03 15:00:00,325.78427,398.436,
2024-04-03 16:00:00,318.35468,369.1004,
2024-04-03 17:00:00,144.35745,102.20739,
2024-04-03 18:00:00,17.626547,53.52421,
2024-04-03 19:00:00,10.459126,78.4838,
2024-04-03 20:00:00,8.462605,56.361584,
2024-04-03 21:00:00,7.9595237,63.34611,
2024-04-03 22:00:00,10.435597,40.141796,
2024-04-03 23:00:00,150.68292,110.9042,
2024-04-04 00:00:00,314.7922,314.7922,
2024-04-04 01:00:00,140.34058,140.34058,
2024-04-04 02:00:00,16.453299,16.453299,
2024-04-04 03:00:00,9.775014,9.775014,
2024-04-04 04:00:00,8.248616,8.248616,
2024-04-04 05:00:00,8.295949,8.295949,
2024-04-04 06:00:00,11.95464,11.95464,
2024-04-04 07:00:00,162.20732,162.20732,
2024-04-04 08:00:00,161.65056,161.65056,
2024-04-04 09:00:00,140.8997,140.8997,
2024-04-04 10:00:00,144.3537,144.3537,
2024-04-04 11:00:00,167.9907,167.9907,
2024-04-04 12:00:00,190.25597,190.25597,
2024-04-04 13:00:00,320.3849,320.3849,
2024-04-04 14:00:00,308.87198,308.87198,
2024-04-04 15:00:00,205.77072,205.77072,
2024-04-04 16:00:00,194.47076,194.47076,
2024-04-04 17:00:00,214.27316,214.27316,
2024-04-04 18:00:00,326.75717,326.75717,
2024-04-04 19:00:00,340.68692,340.68692,
2024-04-04 20:00:00,401.02356,401.02356,
2024-04-04 21:00:00,426.0082,426.0082,
2024-04-04 22:00:00,426.09805,426.09805,
2024-04-04 23:00:00,336.92398,336.92398,
2024-04-05 00:00:00,323.7422,323.7422,
2024-04-05 01:00:00,141.13867,141.13867,
2024-04-05 02:00:00,15.279378,15.279378,
2024-04-05 03:00:00,9.48232,9.48232,
2024-04-05 04:00:00,7.962606,7.962606,
2024-04-05 05:00:00,8.201467,8.201467,
2024-04-05 06:00:00,11.892568,11.892568,
2024-04-05 07:00:00,159.03734,159.03734,
2024-04-05 08:00:00,159.6291,159.6291,
2024-04-05 09:00:00,140.7489,140.7489,
2024-04-05 10:00:00,147.71362,147.71362,
2024-04-05 11:00:00,173.63934,173.63934,
2024-04-05 12:00:00,196.25552,196.25552,
2024-04-05 13:00:00,328.3397,328.3397,
2024-04-05 14:00:00,315.2351,315.2351,
2024-04-05 15:00:00,212.11543,212.11543,
2024-04-05 16:00:00,206.42224,206.42224,
2024-04-05 17:00:00,226.25154,226.25154,
2024-04-05 18:00:00,338.83658,338.83658,
2024-04-05 19:00:00,355.68317,355.68317,
2024-04-05 20:00:00,417.44235,417.44235,
2024-04-05 21:00:00,441.03632,441.03632,
2024-04-05 22:00:00,436.92117,436.92117,
2024-04-05 23:00:00,337.3,337.3,
2024-04-06 00:00:00,327.53604,327.53604,
2024-04-06 01:00:00,146.67265,146.67265,
2024-04-06 02:00:00,18.711843,18.711843,
2024-04-06 03:00:00,10.935323,10.935323,
2024-04-06 04:00:00,8.414601,8.414601,
2024-04-06 05:00:00,9.047231,9.047231,
2024-04-06 06:00:00,14.389485,14.389485,
2024-04-06 07:00:00,169.58594,169.58594,
2024-04-06 08:00:00,170.82108,170.82108,
2024-04-06 09:00:00,150.46494,150.46494,
2024-04-06 10:00:00,160.80472,160.80472,
2024-04-06 11:00:00,185.96938,185.96938,
2024-04-06 12:00:00,201.48044,201.48044,
2024-04-06 13:00:00,330.84512,330.84512,
2024-04-06 14:00:00,319.42273,319.42273,
2024-04-06 15:00:00,219.29227,219.29227,
2024-04-06 16:00:00,225.52655,225.52655,
2024-04-06 17:00:00,270.85376,270.85376,
2024-04-06 18:00:00,414.79077,414.79077,
2024-04-06 19:00:00,417.42203,417.42203,
2024-04-06 20:00:00,461.70734,461.70734,
2024-04-06 21:00:00,476.07394,476.07394,
2024-04-06 22:00:00,438.63412,438.63412,
2024-04-06 23:00:00,430.57578,430.57578,
2024-04-07 00:00:00,445.32184,445.32184,
2024-04-07 01:00:00,202.61433,202.61433,
2024-04-07 02:00:00,24.293356,24.293356,
2024-04-07 03:00:00,14.512074,14.512074,
2024-04-07 04:00:00,11.30663,11.30663,
2024-04-07 05:00:00,10.619557,10.619557,
2024-04-07 06:00:00,12.790639,12.790639,
2024-04-07 07:00:00,214.3036,214.3036,
2024-04-07 08:00:00,297.776,297.776,
2024-04-07 09:00:00,312.21628,312.21628,
2024-04-07 10:00:00,347.69717,347.69717,
2024-04-07 11:00:00,413.9956,413.9956,
2024-04-07 12:00:00,408.6506,408.6506,
2024-04-07 13:00:00,392.2939,392.2939,
2024-04-07 14:00:00,386.12985,386.12985,
2024-04-07 15:00:00,322.7817,322.7817,
2024-04-07 16:00:00,324.41806,324.41806,
2024-04-07 17:00:00,342.84372,342.84372,
2024-04-07 18:00:00,400.9993,400.9993,
2024-04-07 19:00:00,427.8831,427.8831,
2024-04-07 20:00:00,454.57425,454.57425,
2024-04-07 21:00:00,452.5598,452.5598,
2024-04-07 22:00:00,438.8821,438.8821,
2024-04-07 23:00:00,384.50797,384.50797,
2024-04-08 00:00:00,435.59195,343.4407,
2024-04-08 01:00:00,204.4622,187.91548,
2024-04-08 02:00:00,23.482748,27.82067,
2024-04-08 03:00:00,14.614095,25.420023,
2024-04-08 04:00:00,10.505452,13.641917,
2024-04-08 05:00:00,9.470571,40.492443,
2024-04-08 06:00:00,10.823018,22.358774,
2024-04-08 07:00:00,198.92513,151.4839,
2024-04-08 08:00:00,307.70258,245.64764,
2024-04-08 09:00:00,364.0421,319.1752,
2024-04-08 10:00:00,392.41168,335.34113,
2024-04-08 11:00:00,460.74228,395.03143,
2024-04-08 12:00:00,407.7199,402.78125,
2024-04-08 13:00:00,396.74396,376.32172,
2024-04-08 14:00:00,396.1652,387.98087,
2024-04-08 15:00:00,360.84628,307.33585,
2024-04-08 16:00:00,359.05093,314.54,
2024-04-08 17:00:00,374.62396,335.93286,
2024-04-08 18:00:00,415.4585,408.7068,
2024-04-08 19:00:00,427.9333,399.9515,
2024-04-08 20:00:00,411.79257,452.19916,
2024-04-08 21:00:00,429.80273,464.1042,
2024-04-08 22:00:00,407.5055,440.20175,
2024-04-08 23:00:00,325.78427,394.48972,
2024-04-09 00:00:00,318.35468,380.27258,
2024-04-09 01:00:00,144.35745,106.37818,
2024-04-09 02:00:00,17.626547,2.106954,
2024-04-09 03:00:00,10.459126,47.038555,
2024-04-09 04:00:00,8.462605,41.005047,
2024-04-09 05:00:00,7.9595237,70.36677,
2024-04-09 06:00:00,10.435597,56.1219,
2024-04-09 07:00:00,150.68292,62.79717,
2024-04-09 08:00:00,155.5012,163.7977,
2024-04-09 09:00:00,164.26906,167.17973,
2024-04-09 10:00:00,177.34143,217.76532,
2024-04-09 11:00:00,197.42796,295.81345,
2024-04-09 12:00:00,202.79195,279.66595,
2024-04-09 13:00:00,324.07565,288.4982,
2024-04-09 14:00:00,314.09912,307.27515,
2024-04-09 15:00:00,223.08188,250.90877,
2024-04-09 16:00:00,212.39545,225.9723,
2024-04-09 17:00:00,234.62784,264.24573,
2024-04-09 18:00:00,325.83505,339.65118,
2024-04-09 19:00:00,333.18533,349.0031,
2024-04-09 20:00:00,385.9704,416.52148,
2024-04-09 21:00:00,401.7057,445.74893,
2024-04-09 22:00:00,397.92953,396.99063,
2024-04-09 23:00:00,311.8265,368.58392,
2024-04-10 00:00:00,303.10025,335.40262,
2024-04-10 01:00:00,132.36855,81.81594,
2024-04-10 02:00:00,15.426198,77.66169,
2024-04-10 03:00:00,9.947072,116.42863,
2024-04-10 04:00:00,8.496388,108.21027,
2024-04-10 05:00:00,8.349599,96.862526,
2024-04-10 06:00:00,13.596181,73.63215,
2024-04-10 07:00:00,154.68391,94.20496,
2024-04-10 08:00:00,158.7668,153.51198,
2024-04-10 09:00:00,145.5765,181.36887,
2024-04-10 10:00:00,146.7782,208.58275,
2024-04-10 11:00:00,163.5041,292.43973,
2024-04-10 12:00:00,179.70808,283.61215,
2024-04-10 13:00:00,301.37018,304.71298,
2024-04-10 14:00:00,291.39218,334.71188,
2024-04-10 15:00:00,196.1121,272.30728,
2024-04-10 16:00:00,193.69568,243.803,
2024-04-10 17:00:00,220.79967,282.83023,
2024-04-10 18:00:00,324.88043,357.56342,
2024-04-10 19:00:00,335.8455,355.06653,
2024-04-10 20:00:00,383.4716,430.94528,
2024-04-10 21:00:00,407.79214,454.63358,
2024-04-10 22:00:00,401.3105,412.11975,
2024-04-10 23:00:00,301.63187,370.8664,
2024-04-11 00:00:00,291.77347,352.39252,
2024-04-11 01:00:00,126.64413,92.691795,
2024-04-11 02:00:00,13.93691,52.613934,
2024-04-11 03:00:00,9.834798,74.466835,
2024-04-11 04:00:00,8.536855,65.41032,
2024-04-11 05:00:00,8.150136,82.80723,
2024-04-11 06:00:00,10.859059,63.00288,
2024-04-11 07:00:00,149.07187,103.19839,
2024-04-11 08:00:00,151.9727,159.93378,
2024-04-11 09:00:00,136.93489,187.71132,
2024-04-11 10:00:00,143.70145,232.92834,
2024-04-11 11:00:00,161.98343,287.99677,
2024-04-11 12:00:00,176.30891,270.98856,
2024-04-11 13:00:00,297.88446,302.21274,
2024-04-11 14:00:00,285.54382,336.7318,
2024-04-11 15:00:00,193.42804,283.613,
2024-04-11 16:00:00,186.80075,268.18588,
2024-04-11 17:00:00,214.76796,282.07007,
2024-04-11 18:00:00,318.15698,341.46564,
2024-04-11 19:00:00,328.19556,328.6914,
2024-04-11 20:00:00,384.29694,424.91348,
2024-04-11 21:00:00,410.44394,466.8569,
2024-04-11 22:00:00,402.72238,465.66074,
2024-04-11 23:00:00,312.6308,416.86,
2024-04-12 00:00:00,225.52655,225.52655,
2024-04-12 01:00:00,270.85376,270.85376,
2024-04-12 02:00:00,414.79077,414.79077,
2024-04-12 03:00:00,417.42203,417.42203,
2024-04-12 04:00:00,461.70734,461.70734,
2024-04-12 05:00:00,476.07394,476.07394,
2024-04-12 06:00:00,438.63412,438.63412,
2024-04-12 07:00:00,430.57578,430.57578,
2024-04-12 08:00:00,445.32184,445.32184,
2024-04-12 09:00:00,202.61433,202.61433,
2024-04-12 10:00:00,24.293356,24.293356,
2024-04-12 11:00:00,14.512074,14.512074,
2024-04-12 12:00:00,11.30663,11.30663,
2024-04-12 13:00:00,10.619557,10.619557,
2024-04-12 14:00:00,12.790639,12.790639,
2024-04-12 15:00:00,214.3036,214.3036,
2024-04-12 16:00:00,297.776,297.776,
2024-04-12 17:00:00,312.21628,312.21628,
2024-04-12 18:00:00,347.69717,347.69717,
2024-04-12 19:00:00,413.9956,413.9956,
2024-04-12 20:00:00,408.6506,408.6506,
2024-04-12 21:00:00,392.2939,392.2939,
2024-04-12 22:00:00,386.12985,386.12985,
2024-04-12 23:00:00,322.7817,322.7817,
2024-04-13 00:00:00,324.41806,324.41806,
2024-04-13 01:00:00,342.84372,342.84372,
2024-04-13 02:00:00,400.9993,400.9993,
2024-04-13 03:00:00,427.8831,427.8831,
2024-04-13 04:00:00,454.57425,454.57425,
2024-04-13 05:00:00,452.5598,452.5598,
2024-04-13 06:00:00,438.8821,438.8821,
2024-04-13 07:00:00,384.50797,384.50797,
2024-04-13 08:00:00,435.59195,435.59195,
2024-04-13 09:00:00,204.4622,204.4622,
2024-04-13 10:00:00,23.482748,23.482748,
2024-04-13 11:00:00,14.614095,14.614095,
2024-04-13 12:00:00,10.505452,10.505452,
2024-04-13 13:00:00,9.470571,9.470571,
2024-04-13 14:00:00,10.823018,10.823018,
2024-04-13 15:00:00,198.92513,198.92513,
2024-04-13 16:00:00,307.70258,307.70258,
2024-04-13 17:00:00,364.0421,364.0421,
2024-04-13 18:00:00,392.41168,392.41168,
2024-04-13 19:00:00,460.74228,460.74228,
2024-04-13 20:00:00,407.7199,407.7199,
2024-04-13 21:00:00,396.74396,396.74396,
2024-04-13 22:00:00,396.1652,396.1652,
2024-04-13 23:00:00,360.84628,360.84628,
2024-04-14 00:00:00,359.05093,359.05093,
2024-04-14 01:00:00,374.62396,374.62396,
2024-04-14 02:00:00,415.4585,415.4585,
2024-04-14 03:00:00,427.9333,427.9333,
2024-04-14 04:00:00,411.79257,411.79257,
2024-04-14 05:00:00,429.80273,429.80273,
2024-04-14 06:00:00,407.5055,407.5055,
2024-04-14 07:00:00,325.78427,325.78427,
2024-04-14 08:00:00,318.35468,318.35468,
2024-04-14 09:00:00,144.35745,144.35745,
2024-04-14 10:00:00,17.626547,17.626547,
2024-04-14 11:00:00,10.459126,10.459126,
2024-04-14 12:00:00,8.462605,8.462605,
2024-04-14 13:00:00,7.9595237,7.9595237,
2024-04-14 14:00:00,10.435597,10.435597,
2024-04-14 15:00:00,150.68292,150.68292,
2024-04-14 16:00:00,155.5012,155.5012,
2024-04-14 17:00:00,164.26906,164.26906,
2024-04-14 18:00:00,177.34143,177.34143,
2024-04-14 19:00:00,197.42796,197.42796,
2024-04-14 20:00:00,202.79195,202.79195,
2024-04-14 21:00:00,324.07565,324.07565,
2024-04-14 22:00:00,314.09912,314.09912,
2024-04-14 23:00:00,223.08188,223.08188,
2024-04-15 00:00:00,212.39545,212.39545,
2024-04-15 01:00:00,234.62784,234.62784,
2024-04-15 02:00:00,325.83505,325.83505,
2024-04-15 03:00:00,333.18533,333.18533,
2024-04-15 04:00:00,385.9704,385.9704,
2024-04-15 05:00:00,401.7057,401.7057,
2024-04-15 06:00:00,397.92953,397.92953,
2024-04-15 07:00:00,311.8265,311.8265,
2024-04-15 08:00:00,303.10025,303.10025,
2024-04-15 09:00:00,132.36855,132.36855,
2024-04-15 10:00:00,15.426198,15.426198,
2024-04-15 11:00:00,9.947072,9.947072,
2024-04-15 12:00:00,8.496388,8.496388,
2024-04-15 13:00:00,8.349599,8.349599,
2024-04-15 14:00:00,13.596181,13.596181,
2024-04-15 15:00:00,154.68391,154.68391,
2024-04-15 16:00:00,158.7668,158.7668,
2024-04-15 17:00:00,145.5765,145.5765,
2024-04-15 18:00:00,146.7782,146.7782,
2024-04-15 19:00:00,163.5041,163.5041,
2024-04-15 20:00:00,179.70808,179.70808,
2024-04-15 21:00:00,301.37018,301.37018,
2024-04-15 22:00:00,291.39218,291.39218,
2024-04-15 23:00:00,196.1121,196.1121,
2024-04-16 00:00:00,193.69568,276.99008,
2024-04-16 01:00:00,220.79967,261.98532,
2024-04-16 02:00:00,324.88043,348.31815,
2024-04-16 03:00:00,335.8455,367.85074,
2024-04-16 04:00:00,383.4716,436.8145,
2024-04-16 05:00:00,407.79214,490.3259,
2024-04-16 06:00:00,401.3105,434.83536,
2024-04-16 07:00:00,301.63187,381.88882,
2024-04-16 08:00:00,291.77347,345.26837,
2024-04-16 09:00:00,126.64413,118.37385,
2024-04-16 10:00:00,13.93691,29.8108,
2024-04-16 11:00:00,9.834798,45.311718,
2024-04-16 12:00:00,8.536855,18.795084,
2024-04-16 13:00:00,8.150136,33.26988,
2024-04-16 14:00:00,10.859059,17.335917,
2024-04-16 15:00:00,149.07187,129.95279,
2024-04-16 16:00:00,151.9727,156.82303,
2024-04-16 17:00:00,136.93489,172.94006,
2024-04-16 18:00:00,143.70145,202.56424,
2024-04-16 19:00:00,161.98343,249.90425,
2024-04-16 20:00:00,176.30891,234.51868,
2024-04-16 21:00:00,297.88446,342.78918,
2024-04-16 22:00:00,285.54382,381.95798,
2024-04-16 23:00:00,193.42804,297.8337,
2024-04-17 00:00:00,186.80075,309.41006,
2024-04-17 01:00:00,214.76796,349.70035,
2024-04-17 02:00:00,318.15698,398.59668,
2024-04-17 03:00:00,328.19556,390.148,
2024-04-17 04:00:00,384.29694,450.67682,
2024-04-17 05:00:00,410.44394,479.63303,
2024-04-17 06:00:00,402.72238,459.56552,
2024-04-17 07:00:00,312.6308,393.2136,
2024-04-17 08:00:00,295.916,377.49707,
2024-04-17 09:00:00,132.67712,131.12296,
2024-04-17 10:00:00,14.236318,5.27891,
2024-04-17 11:00:00,9.89214,26.959482,
2024-04-17 12:00:00,8.793691,22.117075,
2024-04-17 13:00:00,8.36678,23.497812,
2024-04-17 14:00:00,10.955403,0.6150412,
2024-04-17 15:00:00,155.2981,145.4963,
2024-04-17 16:00:00,157.17638,184.96289,
2024-04-17 17:00:00,146.60556,172.35837,
2024-04-17 18:00:00,155.04945,244.62704,
2024-04-17 19:00:00,172.20746,279.34668,
2024-04-17 20:00:00,187.32913,284.87292,
2024-04-17 21:00:00,309.87576,369.4758,
2024-04-17 22:00:00,297.7118,403.2563,
2024-04-17 23:00:00,202.82494,332.5144,
2024-04-18 00:00:00,205.30545,327.52985,
2024-04-18 01:00:00,234.0842,375.53137,
2024-04-18 02:00:00,341.92734,415.47827,
2024-04-18 03:00:00,343.62482,406.72852,
2024-04-18 04:00:00,412.0425,461.38367,
2024-04-18 05:00:00,436.23474,476.266,
2024-04-18 06:00:00,423.97626,466.91833,
2024-04-18 07:00:00,321.2244,410.83447,
2024-04-18 08:00:00,303.44333,385.7871,
2024-04-18 09:00:00,131.33325,153.92107,
2024-04-18 10:00:00,13.884908,15.310323,
2024-04-18 11:00:00,9.279317,27.884684,
2024-04-18 12:00:00,8.228261,5.863424,
2024-04-18 13:00:00,8.471974,8.767467,
2024-04-18 14:00:00,11.155751,27.106924,
2024-04-18 15:00:00,159.9345,144.26784,
2024-04-18 16:00:00,162.33284,193.53145,
2024-04-18 17:00:00,150.95813,199.29515,
2024-04-18 18:00:00,157.77202,254.07872,
2024-04-18 19:00:00,176.414,293.27914,
2024-04-18 20:00:00,190.76865,292.91306,
2024-04-18 21:00:00,316.05212,373.01324,
2024-04-18 22:00:00,307.75378,408.46085,
2024-04-18 23:00:00,213.21155,357.65857,
2024-04-19 00:00:00,228.97467,359.02823,
2024-04-19 01:00:00,275.80704,398.17642,
2024-04-19 02:00:00,412.09564,437.48862,
2024-04-19 03:00:00,413.29913,424.83884,
2024-04-19 04:00:00,466.3522,481.55573,
2024-04-19 05:00:00,470.24716,489.92096,
2024-04-19 06:00:00,452.59305,486.59586,
2024-04-19 07:00:00,409.1188,412.73074,
2024-04-19 08:00:00,415.17035,388.45963,
2024-04-19 09:00:00,185.45204,152.42216,
2024-04-19 10:00:00,18.827566,8.501729,
2024-04-19 11:00:00,11.95049,3.797567,
2024-04-19 12:00:00,10.242116,11.842305,
2024-04-19 13:00:00,9.866139,16.953695,
2024-04-19 14:00:00,11.767293,12.330037,
2024-04-19 15:00:00,199.5208,179.02481,
2024-04-19 16:00:00,298.8563,209.3607,
2024-04-19 17:00:00,332.4683,245.49934,
2024-04-19 18:00:00,360.33157,291.66995,
2024-04-19 19:00:00,428.76712,326.4306,
2024-04-19 20:00:00,427.89584,339.08963,
2024-04-19 21:00:00,397.1452,410.39014,
2024-04-19 22:00:00,390.03687,448.2862,
2024-04-19 23:00:00,334.8739,368.98453,
2024-04-20 00:00:00,155.5012,155.5012,
2024-04-20 01:00:00,164.26906,164.26906,
2024-04-20 02:00:00,177.34143,177.34143,
2024-04-20 03:00:00,197.42796,197.42796,
2024-04-20 04:00:00,202.79195,202.79195,
2024-04-20 05:00:00,324.07565,324.07565,
2024-04-20 06:00:00,314.09912,314.09912,
2024-04-20 07:00:00,223.08188,223.08188,
2024-04-20 08:00:00,212.39545,212.39545,
2024-04-20 09:00:00,234.62784,234.62784,
2024-04-20 10:00:00,325.83505,325.83505,
2024-04-20 11:00:00,333.18533,333.18533,
2024-04-20 12:00:00,385.9704,385.9704,
2024-04-20 13:00:00,401.7057,401.7057,
2024-04-20 14:00:00,397.92953,397.92953,
2024-04-20 15:00:00,311.8265,311.8265,
2024-04-20 16:00:00,303.10025,303.10025,
2024-04-20 17:00:00,132.36855,132.36855,
2024-04-20 18:00:00,15.426198,15.426198,
2024-04-20 19:00:00,9.947072,9.947072,
2024-04-20 20:00:00,8.496388,8.496388,
2024-04-20 21:00:00,8.349599,8.349599,
2024-04-20 22:00:00,13.596181,13.596181,
2024-04-20 23:00:00,154.68391,154.68391,
2024-04-21 00:00:00,158.7668,158.7668,
2024-04-21 01:00:00,145.5765,145.5765,
2024-04-21 02:00:00,146.7782,146.7782,
2024-04-21 03:00:00,163.5041,163.5041,
2024-04-21 04:00:00,179.70808,179.70808,
2024-04-21 05:00:00,301.37018,301.37018,
2024-04-21 06:00:00,291.39218,291.39218,
2024-04-21 07:00:00,196.1121,196.1121,
2024-04-21 08:00:00,193.69568,193.69568,
2024-04-21 09:00:00,220.79967,220.79967,
2024-04-21 10:00:00,324.88043,324.88043,
2024-04-21 11:00:00,335.8455,335.8455,
2024-04-21 12:00:00,383.4716,383.4716,
2024-04-21 13:00:00,407.79214,407.79214,
2024-04-21 14:00:00,401.3105,401.3105,
2024-04-21 15:00:00,301.63187,301.63187,
2024-04-21 16:00:00,291.77347,291.77347,
2024-04-21 17:00:00,126.64413,126.64413,
2024-04-21 18:00:00,13.93691,13.93691,
2024-04-21 19:00:00,9.834798,9.834798,
2024-04-21 20:00:00,8.536855,8.536855,
2024-04-21 21:00:00,8.150136,8.150136,
2024-04-21 22:00:00,10.859059,10.859059,
2024-04-21 23:00:00,149.07187,149.07187,
2024-04-22 00:00:00,151.9727,151.9727,
2024-04-22 01:00:00,136.93489,136.93489,
2024-04-22 02:00:00,143.70145,143.70145,
2024-04-22 03:00:00,161.98343,161.98343,
2024-04-22 04:00:00,176.30891,176.30891,
2024-04-22 05:00:00,297.88446,297.88446,
2024-04-22 06:00:00,285.54382,285.54382,
2024-04-22 07:00:00,193.42804,193.42804,
2024-04-22 08:00:00,186.80075,186.80075,
2024-04-22 09:00:00,214.76796,214.76796,
2024-04-22 10:00:00,318.15698,318.15698,
2024-04-22 11:00:00,328.19556,328.19556,
2024-04-22 12:00:00,384.29694,384.29694,
2024-04-22 13:00:00,410.44394,410.44394,
2024-04-22 14:00:00,402.72238,402.72238,
2024-04-22 15:00:00,312.6308,312.6308,
2024-04-22 16:00:00,295.916,295.916,
2024-04-22 17:00:00,132.67712,132.67712,
2024-04-22 18:00:00,14.236318,14.236318,
2024-04-22 19:00:00,9.89214,9.89214,
2024-04-22 20:00:00,8.793691,8.793691,
2024-04-22 21:00:00,8.36678,8.36678,
2024-04-22 22:00:00,10.955403,10.955403,
2024-04-22 23:00:00,155.2981,155.2981,
2024-04-23 00:00:00,157.17638,157.17638,
2024-04-23 01:00:00,146.60556,146.60556,
2024-04-23 02:00:00,155.04945,155.04945,
2024-04-23 03:00:00,172.20746,172.20746,
2024-04-23 04:00:00,187.32913,187.32913,
2024-04-23 05:00:00,309.87576,309.87576,
2024-04-23 06:00:00,297.7118,297.7118,
2024-04-23 07:00:00,202.82494,202.82494,
2024-04-23 08:00:00,205.30545,205.30545,
2024-04-23 09:00:00,234.0842,234.0842,
2024-04-23 10:00:00,341.92734,341.92734,
2024-04-23 11:00:00,343.62482,343.62482,
2024-04-23 12:00:00,412.0425,412.0425,
2024-04-23 13:00:00,436.23474,436.23474,
2024-04-23 14:00:00,423.97626,423.97626,
2024-04-23 15:00:00,321.2244,321.2244,
2024-04-23 16:00:00,303.44333,303.44333,
2024-04-23 17:00:00,131.33325,131.33325,
2024-04-23 18:00:00,13.884908,13.884908,
2024-04-23 19:00:00,9.279317,9.279317,
2024-04-23 20:00:00,8.228261,8.228261,
2024-04-23 21:00:00,8.471974,8.471974,
2024-04-23 22:00:00,11.155751,11.155751,
2024-04-23 23:00:00,159.9345,159.9345,
2024-04-24 00:00:00,162.33284,171.65842,
2024-04-24 01:00:00,150.95813,173.48712,
2024-04-24 02:00:00,157.77202,222.75507,
2024-04-24 03:00:00,176.414,254.66162,
2024-04-24 04:00:00,190.76865,266.8597,
2024-04-24 05:00:00,316.05212,307.89545,
2024-04-24 06:00:00,307.75378,315.9673,
2024-04-24 07:00:00,213.21155,280.95874,
2024-04-24 08:00:00,228.97467,249.30063,
2024-04-24 09:00:00,275.80704,298.83752,
2024-04-24 10:00:00,412.09564,392.13232,
2024-04-24 11:00:00,413.29913,409.0535,
2024-04-24 12:00:00,466.3522,453.1609,
2024-04-24 13:00:00,470.24716,484.07874,
2024-04-24 14:00:00,452.59305,456.20685,
2024-04-24 15:00:00,409.1188,375.59387,
2024-04-24 16:00:00,415.17035,343.1463,
2024-04-24 17:00:00,185.45204,109.36942,
2024-04-24 18:00:00,18.827566,44.293285,
2024-04-24 19:00:00,11.95049,51.404522,
2024-04-24 20:00:00,10.242116,49.26768,
2024-04-24 21:00:00,9.866139,42.560833,
2024-04-24 22:00:00,11.767293,18.538126,
2024-04-24 23:00:00,199.5208,135.29619,
2024-04-25 00:00:00,298.8563,178.911,
2024-04-25 01:00:00,332.4683,176.14632,
2024-04-25 02:00:00,360.33157,215.42735,
2024-04-25 03:00:00,428.76712,257.1065,
2024-04-25 04:00:00,427.89584,237.7129,
2024-04-25 05:00:00,397.1452,311.9455,
2024-04-25 06:00:00,390.03687,365.3723,
2024-04-25 07:00:00,334.8739,297.42493,
2024-04-25 08:00:00,344.93365,279.7941,
2024-04-25 09:00:00,368.38483,325.34595,
2024-04-25 10:00:00,414.72006,396.477,
2024-04-25 11:00:00,423.58157,407.14304,
2024-04-25 12:00:00,461.84244,484.16446,
2024-04-25 13:00:00,448.23886,512.56195,
2024-04-25 14:00:00,432.41714,491.6722,
2024-04-25 15:00:00,370.78494,410.01953,
2024-04-25 16:00:00,416.38055,380.6059,
2024-04-25 17:00:00,187.91301,112.90453,
2024-04-25 18:00:00,18.758139,3.7370095,
2024-04-25 19:00:00,10.72112,43.30879,
2024-04-25 20:00:00,8.392873,9.036113,
2024-04-25 21:00:00,8.075429,22.469492,
2024-04-25 22:00:00,8.555226,8.628804,
2024-04-25 23:00:00,175.86537,142.02533,
2024-04-26 00:00:00,274.96555,177.06194,
2024-04-26 01:00:00,324.38107,184.97333,
2024-04-26 02:00:00,338.60596,229.76562,
2024-04-26 03:00:00,415.6409,263.23077,
2024-04-26 04:00:00,406.17126,252.53682,
2024-04-26 05:00:00,350.96704,318.44186,
2024-04-26 06:00:00,340.8727,371.16437,
2024-04-26 07:00:00,287.0099,299.96332,
2024-04-26 08:00:00,289.79828,299.23624,
2024-04-26 09:00:00,328.25955,343.76868,
2024-04-26 10:00:00,384.1425,399.7166,
2024-04-26 11:00:00,403.5489,408.88733,
2024-04-26 12:00:00,418.428,461.11438,
2024-04-26 13:00:00,440.88907,481.39984,
2024-04-26 14:00:00,414.29813,452.79697,
2024-04-26 15:00:00,328.28046,382.17407,
2024-04-26 16:00:00,301.28696,348.10242,
2024-04-26 17:00:00,129.16922,83.538185,
2024-04-26 18:00:00,12.457204,19.97233,
2024-04-26 19:00:00,8.60439,44.302166,
2024-04-26 20:00:00,6.901418,46.16856,
2024-04-26 21:00:00,6.9343467,50.509014,
2024-04-26 22:00:00,8.725148,45.129864,
2024-04-26 23:00:00,142.06796,72.59341,
2024-04-27 00:00:00,144.66179,94.60552,
2024-04-27 01:00:00,139.11911,102.88334,
2024-04-27 02:00:00,141.76079,151.32448,
2024-04-27 03:00:00,159.33481,194.91069,
2024-04-27 04:00:00,166.4542,175.19356,
2024-04-27 05:00:00,283.95538,266.8009,
2024-04-27 06:00:00,277.46558,299.15417,
2024-04-27 07:00:00,187.3531,225.92899,
2024-04-27 08:00:00,195.111,192.08682,
2024-04-27 09:00:00,226.29778,245.89746,
2024-04-27 10:00:00,331.09622,316.2484,
2024-04-27 11:00:00,338.9452,339.4864,
2024-04-27 12:00:00,413.7711,399.64136,
2024-04-27 13:00:00,433.23102,458.84573,
2024-04-27 14:00:00,423.94904,425.01813,
2024-04-27 15:00:00,322.26984,335.6149,
2024-04-27 16:00:00,292.7344,305.47305,
2024-04-27 17:00:00,129.20345,68.03356,
2024-04-27 18:00:00,13.859242,95.75007,
2024-04-27 19:00:00,10.383138,114.61262,
2024-04-27 20:00:00,9.285665,85.013435,
2024-04-27 21:00:00,9.320516,85.41856,
2024-04-27 22:00:00,12.228322,67.25251,
2024-04-27 23:00:00,155.08649,104.363945,
